<?xml version="1.0" encoding="UTF-8"?><rss version="2.0"
	xmlns:content="http://purl.org/rss/1.0/modules/content/"
	xmlns:wfw="http://wellformedweb.org/CommentAPI/"
	xmlns:dc="http://purl.org/dc/elements/1.1/"
	xmlns:atom="http://www.w3.org/2005/Atom"
	xmlns:sy="http://purl.org/rss/1.0/modules/syndication/"
	xmlns:slash="http://purl.org/rss/1.0/modules/slash/"
	>

<channel>
	<title>Viaggiare in solitaria</title>
	<atom:link href="http://localhost/viaggisolo/feed/?simply_static_page=28" rel="self" type="application/rss+xml" />
	<link>./../index.html</link>
	<description></description>
	<lastBuildDate>Thu, 02 Mar 2023 06:08:54 +0000</lastBuildDate>
	<language>it-IT</language>
	<sy:updatePeriod>
	hourly	</sy:updatePeriod>
	<sy:updateFrequency>
	1	</sy:updateFrequency>
	<generator>https://wordpress.org/?v=6.1.1</generator>
	<item>
		<title>Dove Viaggiare Da Soli Per La Prima Volta?</title>
		<link>./../2023/03/02/dove-viaggiare-da-soli-per-la-prima-volta/index.html</link>
					<comments>./../2023/03/02/dove-viaggiare-da-soli-per-la-prima-volta/index.html#respond</comments>
		
		<dc:creator><![CDATA[Alessia]]></dc:creator>
		<pubDate>Thu, 02 Mar 2023 06:08:54 +0000</pubDate>
				<category><![CDATA[Consigli]]></category>
		<guid isPermaLink="false">./../index.html?p=32</guid>

					<description><![CDATA[Il mio primo viaggio da sola è stato a Roma. Avevo 20 anni e da Ferrara ho semplicemente preso un treno che mi avrebbe portato nella capitale. Tuttavia, non c&#8217;è una regola di dove viaggiare da soli la prima volta. Nessuno ti può dire che è meglio una città piuttosto che capitale oppure Italia piuttosto &#8230; <p class="link-more"><a href="./../2023/03/02/dove-viaggiare-da-soli-per-la-prima-volta/index.html" class="more-link">Leggi tutto<span class="screen-reader-text"> "Dove Viaggiare Da Soli Per La Prima Volta?"</span></a></p>]]></description>
										<content:encoded><![CDATA[
<p>Il mio primo viaggio da sola è stato a Roma. Avevo 20 anni e da Ferrara ho semplicemente preso un treno che mi avrebbe portato nella capitale. Tuttavia, non c&#8217;è una regola di dove viaggiare da soli la prima volta. Nessuno ti può dire che è meglio una città piuttosto che capitale oppure Italia piuttosto che Europa o mondo. Io ti consiglio di andare verso una meta che hai sempre sognato: ti darà la giusta carica per affrontare il primo passo.</p>
]]></content:encoded>
					
					<wfw:commentRss>./../2023/03/02/dove-viaggiare-da-soli-per-la-prima-volta/feed/index.html</wfw:commentRss>
			<slash:comments>0</slash:comments>
		
		
			</item>
		<item>
		<title>Partire da soli: come organizzare il primo viaggio</title>
		<link>./../2023/03/02/partire-da-soli-come-organizzare-il-primo-viaggio/index.html</link>
					<comments>./../2023/03/02/partire-da-soli-come-organizzare-il-primo-viaggio/index.html#respond</comments>
		
		<dc:creator><![CDATA[Alessia]]></dc:creator>
		<pubDate>Thu, 02 Mar 2023 06:08:44 +0000</pubDate>
				<category><![CDATA[Consigli]]></category>
		<guid isPermaLink="false">./../index.html?p=34</guid>

					<description><![CDATA[Il mio primo viaggio da sola è stato a Roma nel lontano settembre 2016. Gli errori che ho commesso in quel viaggio sono stati tanti e cercherò di darti consigli utili se stai preparando il tuo primo viaggio in solitaria.]]></description>
										<content:encoded><![CDATA[
<p>Il mio primo viaggio da sola è stato a Roma nel lontano settembre 2016. Gli errori che ho commesso in quel viaggio sono stati tanti e cercherò di darti consigli utili se stai preparando il tuo primo viaggio in solitaria.</p>
]]></content:encoded>
					
					<wfw:commentRss>./../2023/03/02/partire-da-soli-come-organizzare-il-primo-viaggio/feed/index.html</wfw:commentRss>
			<slash:comments>0</slash:comments>
		
		
			</item>
		<item>
		<title>Viaggiare Da Soli A Weymouth Sulla Jurrasic Coast: Dove Dormire</title>
		<link>./../2023/03/02/viaggiare-da-soli-a-weymouth-sulla-jurrasic-coast-dove-dormire/index.html</link>
					<comments>./../2023/03/02/viaggiare-da-soli-a-weymouth-sulla-jurrasic-coast-dove-dormire/index.html#respond</comments>
		
		<dc:creator><![CDATA[Alessia]]></dc:creator>
		<pubDate>Thu, 02 Mar 2023 06:08:36 +0000</pubDate>
				<category><![CDATA[Destinazioni]]></category>
		<guid isPermaLink="false">./../index.html?p=38</guid>

					<description><![CDATA[Weymouth è una città sul mare nella contea di Dorset che vale la pena di essere vista. Scopri in questo articolo dove dormire a Weymouth.]]></description>
										<content:encoded><![CDATA[
<p>Weymouth è una città sul mare nella contea di Dorset che vale la pena di essere vista. Scopri in questo articolo dove dormire a Weymouth.</p>
]]></content:encoded>
					
					<wfw:commentRss>./../2023/03/02/viaggiare-da-soli-a-weymouth-sulla-jurrasic-coast-dove-dormire/feed/index.html</wfw:commentRss>
			<slash:comments>0</slash:comments>
		
		
			</item>
		<item>
		<title>Itinerario Di Tre Giorni Nel Dorset, Inghilterra: Visitare Weymouth E L’Isola Di Portland</title>
		<link>./../2023/03/02/itinerario-di-tre-giorni-nel-dorset-inghilterra-visitare-weymouth-e-lisola-di-portland/index.html</link>
					<comments>./../2023/03/02/itinerario-di-tre-giorni-nel-dorset-inghilterra-visitare-weymouth-e-lisola-di-portland/index.html#respond</comments>
		
		<dc:creator><![CDATA[Alessia]]></dc:creator>
		<pubDate>Thu, 02 Mar 2023 06:08:21 +0000</pubDate>
				<category><![CDATA[Destinazioni]]></category>
		<guid isPermaLink="false">./../index.html?p=36</guid>

					<description><![CDATA[Dove andare al mare e fare trekking lungo la costa inglese? In questo articolo trovi il mio itinerario di 3 giorni nel Dorset dell’Inghilterra.]]></description>
										<content:encoded><![CDATA[
<p>Dove andare al mare e fare trekking lungo la costa inglese? In questo articolo trovi il mio itinerario di 3 giorni nel Dorset dell’Inghilterra.</p>
]]></content:encoded>
					
					<wfw:commentRss>./../2023/03/02/itinerario-di-tre-giorni-nel-dorset-inghilterra-visitare-weymouth-e-lisola-di-portland/feed/index.html</wfw:commentRss>
			<slash:comments>0</slash:comments>
		
		
			</item>
	</channel>
</rss>
