<?xml version="1.0" encoding="UTF-8"?><rss version="2.0"
	xmlns:content="http://purl.org/rss/1.0/modules/content/"
	xmlns:dc="http://purl.org/dc/elements/1.1/"
	xmlns:atom="http://www.w3.org/2005/Atom"
	xmlns:sy="http://purl.org/rss/1.0/modules/syndication/"
	
	>
<channel>
	<title>
	Commenti a: Itinerario Di Tre Giorni Nel Dorset, Inghilterra: Visitare Weymouth E L’Isola Di Portland	</title>
	<atom:link href="http://localhost/viaggisolo/2023/03/02/itinerario-di-tre-giorni-nel-dorset-inghilterra-visitare-weymouth-e-lisola-di-portland/feed/?simply_static_page=61" rel="self" type="application/rss+xml" />
	<link>./../index.html</link>
	<description></description>
	<lastBuildDate>Thu, 02 Mar 2023 06:08:21 +0000</lastBuildDate>
	<sy:updatePeriod>
	hourly	</sy:updatePeriod>
	<sy:updateFrequency>
	1	</sy:updateFrequency>
	<generator>https://wordpress.org/?v=6.1.1</generator>
</channel>
</rss>
